Original,New,OldBytes,NewBytes
Gidtnwjscpvkdlf.webp.JPG,LGSwgmudoiLczzzgFB.webp,6542950,84154
SSO_2054.JPG,CLYssyTKPDWJeWXdLP.webp,6515912,34186
SSO_2071.JPG,HkdmZJxRgOFyGobVUl.webp,4622162,61082
SSO_2075.JPG,HrYFcSFVcBsqzktHUH.webp,5157692,57000
Wndansdufrlrkfhtkwls.webp.JPG,oJcyDytrpjPmiOsRpm.webp,7953830,56176
기사 내용.JPG,EpKWtTtvuuAuBNhCLO.webp,5960913,95050
"꽃, 정장 테이블.JPG",JSmnpobcSKyVIvvLEw.webp,5377709,71016
꽃말 힌트 조화.JPG,yXGEJYodOVyFsHBhKa.webp,6223659,81048
꽃말 힌트.JPG,ixqWmvzVnPlgUjVTXb.webp,5727280,69086
달력.JPG,AIBeewSFpWInLsUkIL.webp,6887210,44948
달력.png,GrWOnnEguccReHYprd.webp,1800102,40050
딸기!.JPG,CfNAKfhxjIHixLkGwH.webp,4812375,66786
로청 영수증 합성 풀샷.png,DAaRWADjvPQCtMXMNh.webp,1783680,34934
로청 영수증.JPG,DGDqjyZQwwzKuFarYe.webp,5222256,41816
"반찬통, 앞치마.JPG",kkliYaHqcrKXbbstaR.webp,6203663,57710
부엌 전체 사진.JPG,FEcefMyplsmrBQPPfH.webp,5962890,51090
사슴인형.JPG,RvjVzBsJDbKfyCbrbr.webp,8649080,153926
서랍 안 기사 2.JPG,KHczgtogUuocAcgDpx.webp,6159573,52112
서랍 안 기사.JPG,LXIiENlhrNUTaondth.webp,6218937,69308
서랍.JPG,sUSgvxJUKGABkyPFCk.webp,5893663,29884
서재 문.JPG,qFYYCxBNqoPbxtpZCP.webp,6130293,19916
서재 전경.JPG,IjFqCTrcqHicEVsPXP.webp,6463536,76948
서재로 가는 길.JPG,buABgybWLsDSOuxDma.webp,6423874,36854
정대만 침실 문 열려있는거.JPG,lfPIEmXxLYaxxCWOnZ.webp,5458993,19248
"정대만 침실, 태섭이 생일.JPG",wzAgyVRuZNAkDENMjA.webp,5589774,27128
정장 브로셔.JPG,YCOyNHtSYoFynhvKTX.webp,6229243,55142
중문 사진 (가로).JPG,nQKNACCvSGWzxBjvBN.webp,6941638,37848
지도 합성.png,WkVMiNlRfrjtxPXpXb.webp,2197933,114120
책상 위 잡지.JPG,SlXiHPzIYQzkHbrUwy.webp,6187605,93810
케이크 레시피.JPG,ZGIPNpUhyiJLjkkRrH.webp,7756127,127688
향수 전경.JPG,PzEkmYdZyEoIGSUQHf.webp,13514531,386578
향수 전체.JPG,TraeCMIWLgBeOqgXGk.webp,6542950,84154
